"channel_id","channel_name","channel_url","channel_created_date","channel_description","channel_subscribers","channel_views","channel_videos","video_id","video_name","video_url","video_created_date","days_since_last_video","days_available","video_created_day","video_created_month","video_created_year","video_views","video_likes","views_to_life_ratio","likes_to_life_ration","like_rate","video_duration_minutes"
UC3P-tn_Mk1V_KE8M2On8F2w,Divide Music,https://www.youtube.com/@DivideMusic,"2016-08-20","Official channel of artist Divide Music. All songs available to purchase/stream on iTunes, Spotify, Google Play etc.",316000.0,174170000,174.0,ysJCWBl82gk,"JOY OF CREATION Song ►""Bedroom"" | by Divide Music",https://www.youtube.com/watch?v=ysJCWBl82gk,"2017-10-01",,2184,Sunday,October,2017,17863.0,702.0,8.2,0.3,0.039,3.68
UC3P-tn_Mk1V_KE8M2On8F2w,Divide Music,https://www.youtube.com/@DivideMusic,"2016-08-20","Official channel of artist Divide Music. All songs available to purchase/stream on iTunes, Spotify, Google Play etc.",316000.0,174170000,174.0,"98txpFzl_gY","Destiny 2 Song ► ""The Mighty Will Fall"" | by Divide Music",https://www.youtube.com/watch?v=98txpFzl_gY,"2017-10-07",6,2178,Saturday,October,2017,140983.0,2305.0,64.7,1.1,0.016,4.72
UC3P-tn_Mk1V_KE8M2On8F2w,Divide Music,https://www.youtube.com/@DivideMusic,"2016-08-20","Official channel of artist Divide Music. All songs available to purchase/stream on iTunes, Spotify, Google Play etc.",316000.0,174170000,174.0,KgSEh4ICsQ8,"Bendy And The Ink Machine Song ► ""Follow The Screams"" | by Divide Music",https://www.youtube.com/watch?v=KgSEh4ICsQ8,"2017-10-14",7,2171,Saturday,October,2017,17250.0,586.0,7.9,0.3,0.034,3.87
UC3P-tn_Mk1V_KE8M2On8F2w,Divide Music,https://www.youtube.com/@DivideMusic,"2016-08-20","Official channel of artist Divide Music. All songs available to purchase/stream on iTunes, Spotify, Google Play etc.",316000.0,174170000,174.0,STNPs4Q9EG4,"Stranger Things (Season 2) Song ► ""The Answer"" | by Divide Music Ft. FabvL",https://www.youtube.com/watch?v=STNPs4Q9EG4,"2017-10-21",7,2164,Saturday,October,2017,15113.0,480.0,7.0,0.2,0.032,4.25
UC3P-tn_Mk1V_KE8M2On8F2w,Divide Music,https://www.youtube.com/@DivideMusic,"2016-08-20","Official channel of artist Divide Music. All songs available to purchase/stream on iTunes, Spotify, Google Play etc.",316000.0,174170000,174.0,k8fPChbvuY0,"FORTNITE SONG ► ""The Battle At Fortnite"" | by Divide Music",https://www.youtube.com/watch?v=k8fPChbvuY0,"2017-11-04",14,2150,Saturday,November,2017,10963.0,300.0,5.1,0.1,0.027,3.73
UC3P-tn_Mk1V_KE8M2On8F2w,Divide Music,https://www.youtube.com/@DivideMusic,"2016-08-20","Official channel of artist Divide Music. All songs available to purchase/stream on iTunes, Spotify, Google Play etc.",316000.0,174170000,174.0,"7FVEBnXTP0E","OVERWATCH MOIRA SONG ► ""Discoveries"" | by Divide Music",https://www.youtube.com/watch?v=7FVEBnXTP0E,"2017-11-08",4,2146,Wednesday,November,2017,33077.0,825.0,15.4,0.4,0.025,2.67
UC3P-tn_Mk1V_KE8M2On8F2w,Divide Music,https://www.youtube.com/@DivideMusic,"2016-08-20","Official channel of artist Divide Music. All songs available to purchase/stream on iTunes, Spotify, Google Play etc.",316000.0,174170000,174.0,Xw-a1uzgKko,"CUPHEAD SONG ► ""DIE HOUSE"" ROCK COVER | by Divide Music",https://www.youtube.com/watch?v=Xw-a1uzgKko,"2017-11-14",6,2140,Tuesday,November,2017,88094.0,1996.0,41.2,0.9,0.023,3.02
UC3P-tn_Mk1V_KE8M2On8F2w,Divide Music,https://www.youtube.com/@DivideMusic,"2016-08-20","Official channel of artist Divide Music. All songs available to purchase/stream on iTunes, Spotify, Google Play etc.",316000.0,174170000,174.0,pgdEWkfW_58,"OVERWATCH MOIRA SONG ► ""Discoveries"" By Divide Music & Sailorurlove",https://www.youtube.com/watch?v=pgdEWkfW_58,"2017-11-21",7,2133,Tuesday,November,2017,42224.0,978.0,19.8,0.5,0.023,2.67
UC3P-tn_Mk1V_KE8M2On8F2w,Divide Music,https://www.youtube.com/@DivideMusic,"2016-08-20","Official channel of artist Divide Music. All songs available to purchase/stream on iTunes, Spotify, Google Play etc.",316000.0,174170000,174.0,"9y4LkNE2WWE",KYLO VS LUKE RAP BATTLE ► BY Divide Music & FabvL,https://www.youtube.com/watch?v=9y4LkNE2WWE,"2017-12-03",12,2121,Sunday,December,2017,13430.0,473.0,6.3,0.2,0.035,3.95
UC3P-tn_Mk1V_KE8M2On8F2w,Divide Music,https://www.youtube.com/@DivideMusic,"2016-08-20","Official channel of artist Divide Music. All songs available to purchase/stream on iTunes, Spotify, Google Play etc.",316000.0,174170000,174.0,c_IfnsJf61E,"FNAF 6 Song ► ""Alone"" | by Divide Music",https://www.youtube.com/watch?v=c_IfnsJf61E,"2017-12-16",13,2108,Saturday,December,2017,268777.0,5349.0,127.5,2.5,0.02,3.75
UC3P-tn_Mk1V_KE8M2On8F2w,Divide Music,https://www.youtube.com/@DivideMusic,"2016-08-20","Official channel of artist Divide Music. All songs available to purchase/stream on iTunes, Spotify, Google Play etc.",316000.0,174170000,174.0,hvI3ZNlATfM,"OVERWATCH JUNKRAT SONG ► ""Traps"" | by Divide Music",https://www.youtube.com/watch?v=hvI3ZNlATfM,"2017-12-23",7,2101,Saturday,December,2017,15126.0,514.0,7.2,0.2,0.034,4.13
UC3P-tn_Mk1V_KE8M2On8F2w,Divide Music,https://www.youtube.com/@DivideMusic,"2016-08-20","Official channel of artist Divide Music. All songs available to purchase/stream on iTunes, Spotify, Google Play etc.",316000.0,174170000,174.0,_K6vvg9OudU,CUPHEAD SONG ► by Divide Music,https://www.youtube.com/watch?v=_K6vvg9OudU,"2018-01-07",15,2086,Sunday,January,2018,62701.0,1418.0,30.1,0.7,0.023,2.78
UC3P-tn_Mk1V_KE8M2On8F2w,Divide Music,https://www.youtube.com/@DivideMusic,"2016-08-20","Official channel of artist Divide Music. All songs available to purchase/stream on iTunes, Spotify, Google Play etc.",316000.0,174170000,174.0,Uo2BGYK-mg8,"WOLFENSTEIN 2 METAL SONG ► ""Rain Of Fire"" | by Divide Music",https://www.youtube.com/watch?v=Uo2BGYK-mg8,"2018-01-15",8,2078,Monday,January,2018,23964.0,577.0,11.5,0.3,0.024,4.05
UC3P-tn_Mk1V_KE8M2On8F2w,Divide Music,https://www.youtube.com/@DivideMusic,"2016-08-20","Official channel of artist Divide Music. All songs available to purchase/stream on iTunes, Spotify, Google Play etc.",316000.0,174170000,174.0,c8Nj8LFaCXk,"DOKI DOKI LITERATURE CLUB DUBSTEP SONG ► ""I DO"" | by Divide Music ft. Sailorurlove",https://www.youtube.com/watch?v=c8Nj8LFaCXk,"2018-01-22",7,2071,Monday,January,2018,105913.0,2554.0,51.1,1.2,0.024,3.0
UC3P-tn_Mk1V_KE8M2On8F2w,Divide Music,https://www.youtube.com/@DivideMusic,"2016-08-20","Official channel of artist Divide Music. All songs available to purchase/stream on iTunes, Spotify, Google Play etc.",316000.0,174170000,174.0,S2jcFS1_hgE,Divide Music - Ghost (Official Lyric Video),https://www.youtube.com/watch?v=S2jcFS1_hgE,"2018-02-05",14,2057,Monday,February,2018,135585.0,2705.0,65.9,1.3,0.02,3.3
UC3P-tn_Mk1V_KE8M2On8F2w,Divide Music,https://www.youtube.com/@DivideMusic,"2016-08-20","Official channel of artist Divide Music. All songs available to purchase/stream on iTunes, Spotify, Google Play etc.",316000.0,174170000,174.0,dnyMUJAfZi8,"MONSTER HUNTER WORLD SONG ► ""Warrior"" | by Divide Music",https://www.youtube.com/watch?v=dnyMUJAfZi8,"2018-02-17",12,2045,Saturday,February,2018,144598.0,2419.0,70.7,1.2,0.017,4.68
UC3P-tn_Mk1V_KE8M2On8F2w,Divide Music,https://www.youtube.com/@DivideMusic,"2016-08-20","Official channel of artist Divide Music. All songs available to purchase/stream on iTunes, Spotify, Google Play etc.",316000.0,174170000,174.0,ms6DIAJCLP4,"FORTNITE SONG ► ""VICTORY"" | by Divide Music",https://www.youtube.com/watch?v=ms6DIAJCLP4,"2018-02-28",11,2034,Wednesday,February,2018,74789.0,1224.0,36.8,0.6,0.016,4.22
UC3P-tn_Mk1V_KE8M2On8F2w,Divide Music,https://www.youtube.com/@DivideMusic,"2016-08-20","Official channel of artist Divide Music. All songs available to purchase/stream on iTunes, Spotify, Google Play etc.",316000.0,174170000,174.0,FXx9YHPc05Y,"SUBNAUTICA SONG ► ""SURVIVE"" | by Divide Music",https://www.youtube.com/watch?v=FXx9YHPc05Y,"2018-03-17",17,2017,Saturday,March,2018,563113.0,10021.0,279.2,5.0,0.018,3.72
UC3P-tn_Mk1V_KE8M2On8F2w,Divide Music,https://www.youtube.com/@DivideMusic,"2016-08-20","Official channel of artist Divide Music. All songs available to purchase/stream on iTunes, Spotify, Google Play etc.",316000.0,174170000,174.0,zsYyyZo4RNc,"READY PLAYER ONE SONG ► ""VICTORIOUS"" Ft. Nerdout!, JT Music, FabvL | by Divide Music",https://www.youtube.com/watch?v=zsYyyZo4RNc,"2018-03-30",13,2004,Friday,March,2018,204384.0,3900.0,102.0,1.9,0.019,5.37
UC3P-tn_Mk1V_KE8M2On8F2w,Divide Music,https://www.youtube.com/@DivideMusic,"2016-08-20","Official channel of artist Divide Music. All songs available to purchase/stream on iTunes, Spotify, Google Play etc.",316000.0,174170000,174.0,XprZsmHzcII,"FAR CRY 5 SONG ► ""THE BLIND"" | by Divide Music",https://www.youtube.com/watch?v=XprZsmHzcII,"2018-04-07",8,1996,Saturday,April,2018,69357.0,1272.0,34.7,0.6,0.018,4.25
UC3P-tn_Mk1V_KE8M2On8F2w,Divide Music,https://www.youtube.com/@DivideMusic,"2016-08-20","Official channel of artist Divide Music. All songs available to purchase/stream on iTunes, Spotify, Google Play etc.",316000.0,174170000,174.0,jDuSeej3DRE,Divide Music - Old Habits (Official Lyric Video),https://www.youtube.com/watch?v=jDuSeej3DRE,"2018-04-21",14,1982,Saturday,April,2018,67960.0,1579.0,34.3,0.8,0.023,3.68
UC3P-tn_Mk1V_KE8M2On8F2w,Divide Music,https://www.youtube.com/@DivideMusic,"2016-08-20","Official channel of artist Divide Music. All songs available to purchase/stream on iTunes, Spotify, Google Play etc.",316000.0,174170000,174.0,jeeK7DIReQQ,"WARFRAME SONG ► ""Scream Out"" | by Divide Music",https://www.youtube.com/watch?v=jeeK7DIReQQ,"2018-05-05",14,1968,Saturday,May,2018,1031610.0,17242.0,524.2,8.8,0.017,5.12
UC3P-tn_Mk1V_KE8M2On8F2w,Divide Music,https://www.youtube.com/@DivideMusic,"2016-08-20","Official channel of artist Divide Music. All songs available to purchase/stream on iTunes, Spotify, Google Play etc.",316000.0,174170000,174.0,fdxNAh6ZB50,THE FORTNITE BOOGIE Ft. Thanos (Battle Royale) Song ► by Divide Music,https://www.youtube.com/watch?v=fdxNAh6ZB50,"2018-05-12",7,1961,Saturday,May,2018,36903.0,689.0,18.8,0.4,0.019,4.0
UC3P-tn_Mk1V_KE8M2On8F2w,Divide Music,https://www.youtube.com/@DivideMusic,"2016-08-20","Official channel of artist Divide Music. All songs available to purchase/stream on iTunes, Spotify, Google Play etc.",316000.0,174170000,174.0,e0soosScWY8,"DETROIT: BECOME HUMAN SONG ► ""Minus Human"" | by Divide Music",https://www.youtube.com/watch?v=e0soosScWY8,"2018-05-19",7,1954,Saturday,May,2018,56284.0,1639.0,28.8,0.8,0.029,3.78
UC3P-tn_Mk1V_KE8M2On8F2w,Divide Music,https://www.youtube.com/@DivideMusic,"2016-08-20","Official channel of artist Divide Music. All songs available to purchase/stream on iTunes, Spotify, Google Play etc.",316000.0,174170000,174.0,UyQ4wFl-v6A,"VENOM SONG ► ""Fate Has Come (Parasite)"" | by Divide Music",https://www.youtube.com/watch?v=UyQ4wFl-v6A,"2018-05-25",6,1948,Friday,May,2018,241636.0,3636.0,124.0,1.9,0.015,4.02
UC3P-tn_Mk1V_KE8M2On8F2w,Divide Music,https://www.youtube.com/@DivideMusic,"2016-08-20","Official channel of artist Divide Music. All songs available to purchase/stream on iTunes, Spotify, Google Play etc.",316000.0,174170000,174.0,VZIvm_WwixI,"VAMPYR GAME SONG ► ""Beast Inside” | by Divide Music",https://www.youtube.com/watch?v=VZIvm_WwixI,"2018-06-09",15,1933,Saturday,June,2018,122985.0,2340.0,63.6,1.2,0.019,3.93
UC3P-tn_Mk1V_KE8M2On8F2w,Divide Music,https://www.youtube.com/@DivideMusic,"2016-08-20","Official channel of artist Divide Music. All songs available to purchase/stream on iTunes, Spotify, Google Play etc.",316000.0,174170000,174.0,dYWMLDWQZDA,"[SFM] FNAF 6 SONG ► ""Alone"" | by Divide Music",https://www.youtube.com/watch?v=dYWMLDWQZDA,"2018-06-11",2,1931,Monday,June,2018,45774.0,1452.0,23.7,0.8,0.032,4.12
UC3P-tn_Mk1V_KE8M2On8F2w,Divide Music,https://www.youtube.com/@DivideMusic,"2016-08-20","Official channel of artist Divide Music. All songs available to purchase/stream on iTunes, Spotify, Google Play etc.",316000.0,174170000,174.0,jgVRRnyh8pY,"JURASSIC WORLD 2 SONG ► ""Out Alive"" | by Divide Music",https://www.youtube.com/watch?v=jgVRRnyh8pY,"2018-06-22",11,1920,Friday,June,2018,31611.0,861.0,16.5,0.4,0.027,4.15
UC3P-tn_Mk1V_KE8M2On8F2w,Divide Music,https://www.youtube.com/@DivideMusic,"2016-08-20","Official channel of artist Divide Music. All songs available to purchase/stream on iTunes, Spotify, Google Play etc.",316000.0,174170000,174.0,"8pjNb8LAgKA","BLACK OPS 4 SONG ► ""Sights Locked"" | by Divide Music & FabvL",https://www.youtube.com/watch?v=8pjNb8LAgKA,"2018-06-30",8,1912,Saturday,June,2018,31926.0,887.0,16.7,0.5,0.028,4.37
UC3P-tn_Mk1V_KE8M2On8F2w,Divide Music,https://www.youtube.com/@DivideMusic,"2016-08-20","Official channel of artist Divide Music. All songs available to purchase/stream on iTunes, Spotify, Google Play etc.",316000.0,174170000,174.0,LgFkMDx0-KY,"ANT-MAN AND THE WASP SONG ► ""Try Me"" | by Divide Music",https://www.youtube.com/watch?v=LgFkMDx0-KY,"2018-07-06",6,1906,Friday,July,2018,17882.0,501.0,9.4,0.3,0.028,3.78
UC3P-tn_Mk1V_KE8M2On8F2w,Divide Music,https://www.youtube.com/@DivideMusic,"2016-08-20","Official channel of artist Divide Music. All songs available to purchase/stream on iTunes, Spotify, Google Play etc.",316000.0,174170000,174.0,ILw7Qd3ADnI,VENOM RAP BATTLE ► Fabvl & Divide Music,https://www.youtube.com/watch?v=ILw7Qd3ADnI,"2018-07-21",15,1891,Saturday,July,2018,33463.0,961.0,17.7,0.5,0.029,6.58
UC3P-tn_Mk1V_KE8M2On8F2w,Divide Music,https://www.youtube.com/@DivideMusic,"2016-08-20","Official channel of artist Divide Music. All songs available to purchase/stream on iTunes, Spotify, Google Play etc.",316000.0,174170000,174.0,_gcZZp-_dNA,Divide Music - True Colors (Official Lyric Video),https://www.youtube.com/watch?v=_gcZZp-_dNA,"2018-07-28",7,1884,Saturday,July,2018,121333.0,2345.0,64.4,1.2,0.019,4.07
UC3P-tn_Mk1V_KE8M2On8F2w,Divide Music,https://www.youtube.com/@DivideMusic,"2016-08-20","Official channel of artist Divide Music. All songs available to purchase/stream on iTunes, Spotify, Google Play etc.",316000.0,174170000,174.0,"3utwWbbnQ6Q","WARFRAME SONG ► ""Scream Out"" Acoustic | by Divide Music",https://www.youtube.com/watch?v=3utwWbbnQ6Q,"2018-08-04",7,1877,Saturday,August,2018,182782.0,3407.0,97.4,1.8,0.019,5.22
UC3P-tn_Mk1V_KE8M2On8F2w,Divide Music,https://www.youtube.com/@DivideMusic,"2016-08-20","Official channel of artist Divide Music. All songs available to purchase/stream on iTunes, Spotify, Google Play etc.",316000.0,174170000,174.0,l0GZvYEIEI4,"WE HAPPY FEW SONG - ""Raise A Glass"" | by Divide Music",https://www.youtube.com/watch?v=l0GZvYEIEI4,"2018-08-18",14,1863,Saturday,August,2018,69928.0,1489.0,37.5,0.8,0.021,4.82
UC3P-tn_Mk1V_KE8M2On8F2w,Divide Music,https://www.youtube.com/@DivideMusic,"2016-08-20","Official channel of artist Divide Music. All songs available to purchase/stream on iTunes, Spotify, Google Play etc.",316000.0,174170000,174.0,"1QRxrRAD6eI","SKYRIM SONG - ""Alduin"" | by Divide Music",https://www.youtube.com/watch?v=1QRxrRAD6eI,"2018-08-25",7,1856,Saturday,August,2018,284514.0,5430.0,153.3,2.9,0.019,4.47
UC3P-tn_Mk1V_KE8M2On8F2w,Divide Music,https://www.youtube.com/@DivideMusic,"2016-08-20","Official channel of artist Divide Music. All songs available to purchase/stream on iTunes, Spotify, Google Play etc.",316000.0,174170000,174.0,"48ClbfioJdQ","DESTINY 2 FORSAKEN DLC SONG - ""Cayde"" | by Divide Music",https://www.youtube.com/watch?v=48ClbfioJdQ,"2018-08-31",6,1850,Friday,August,2018,724050.0,12911.0,391.4,7.0,0.018,4.65
UC3P-tn_Mk1V_KE8M2On8F2w,Divide Music,https://www.youtube.com/@DivideMusic,"2016-08-20","Official channel of artist Divide Music. All songs available to purchase/stream on iTunes, Spotify, Google Play etc.",316000.0,174170000,174.0,HweEbSxbjlI,"Spider-Man ROCK Song - ""True Hero"" | by Divide Music",https://www.youtube.com/watch?v=HweEbSxbjlI,"2018-09-21",21,1829,Friday,September,2018,97904.0,2505.0,53.5,1.4,0.026,3.93
UC3P-tn_Mk1V_KE8M2On8F2w,Divide Music,https://www.youtube.com/@DivideMusic,"2016-08-20","Official channel of artist Divide Music. All songs available to purchase/stream on iTunes, Spotify, Google Play etc.",316000.0,174170000,174.0,R0ngAX9LBTk,"Dark Souls Song - ""Final Hour"" | by Divide Music",https://www.youtube.com/watch?v=R0ngAX9LBTk,"2018-09-29",8,1821,Saturday,September,2018,39341.0,1341.0,21.6,0.7,0.034,3.67
UC3P-tn_Mk1V_KE8M2On8F2w,Divide Music,https://www.youtube.com/@DivideMusic,"2016-08-20","Official channel of artist Divide Music. All songs available to purchase/stream on iTunes, Spotify, Google Play etc.",316000.0,174170000,174.0,PO9p1ZRGizM,"Venom Movie Song - ""Holding On"" | (Unofficial Soundtrack) By Divide Music & FabvL",https://www.youtube.com/watch?v=PO9p1ZRGizM,"2018-10-06",7,1814,Saturday,October,2018,221837.0,3649.0,122.3,2.0,0.016,4.35
UC3P-tn_Mk1V_KE8M2On8F2w,Divide Music,https://www.youtube.com/@DivideMusic,"2016-08-20","Official channel of artist Divide Music. All songs available to purchase/stream on iTunes, Spotify, Google Play etc.",316000.0,174170000,174.0,_DE_HFdWPXI,"Black Ops 4 Rock Song - ""Closure"" | By Divide Music",https://www.youtube.com/watch?v=_DE_HFdWPXI,"2018-10-12",6,1808,Friday,October,2018,17409.0,520.0,9.6,0.3,0.03,4.1
UC3P-tn_Mk1V_KE8M2On8F2w,Divide Music,https://www.youtube.com/@DivideMusic,"2016-08-20","Official channel of artist Divide Music. All songs available to purchase/stream on iTunes, Spotify, Google Play etc.",316000.0,174170000,174.0,"4dGguERbG3o","Halloween Movie Song - ""Locked Up"" | (Unofficial Soundtrack) By Divide Music",https://www.youtube.com/watch?v=4dGguERbG3o,"2018-10-19",7,1801,Friday,October,2018,42977.0,951.0,23.9,0.5,0.022,4.27
UC3P-tn_Mk1V_KE8M2On8F2w,Divide Music,https://www.youtube.com/@DivideMusic,"2016-08-20","Official channel of artist Divide Music. All songs available to purchase/stream on iTunes, Spotify, Google Play etc.",316000.0,174170000,174.0,TzEGLSdS6UA,"Red Dead Redemption 2 Song - ""Kickin' Up Dust"" | By Divide Music",https://www.youtube.com/watch?v=TzEGLSdS6UA,"2018-10-26",7,1794,Friday,October,2018,85762.0,1872.0,47.8,1.0,0.022,4.77
UC3P-tn_Mk1V_KE8M2On8F2w,Divide Music,https://www.youtube.com/@DivideMusic,"2016-08-20","Official channel of artist Divide Music. All songs available to purchase/stream on iTunes, Spotify, Google Play etc.",316000.0,174170000,174.0,RXGkYkOzZ38,"Fallout 76 Song - ""My Own Hands"" | By Divide Music Ft. JT Music",https://www.youtube.com/watch?v=RXGkYkOzZ38,"2018-11-09",14,1780,Friday,November,2018,91142.0,1907.0,51.2,1.1,0.021,5.78
UC3P-tn_Mk1V_KE8M2On8F2w,Divide Music,https://www.youtube.com/@DivideMusic,"2016-08-20","Official channel of artist Divide Music. All songs available to purchase/stream on iTunes, Spotify, Google Play etc.",316000.0,174170000,174.0,Tmc9OjfgI58,Divide - Brighter (Official Music Video),https://www.youtube.com/watch?v=Tmc9OjfgI58,"2018-12-07",28,1752,Friday,December,2018,31707.0,1351.0,18.1,0.8,0.043,3.53
UC3P-tn_Mk1V_KE8M2On8F2w,Divide Music,https://www.youtube.com/@DivideMusic,"2016-08-20","Official channel of artist Divide Music. All songs available to purchase/stream on iTunes, Spotify, Google Play etc.",316000.0,174170000,174.0,x7x8Of3zEpg,"Kingdom Hearts 3 Song - ""See Me Through"" | By Divide Music Ft Sailorurlove",https://www.youtube.com/watch?v=x7x8Of3zEpg,"2019-01-04",28,1724,Friday,January,2019,1146330.0,18205.0,664.9,10.6,0.016,3.9
UC3P-tn_Mk1V_KE8M2On8F2w,Divide Music,https://www.youtube.com/@DivideMusic,"2016-08-20","Official channel of artist Divide Music. All songs available to purchase/stream on iTunes, Spotify, Google Play etc.",316000.0,174170000,174.0,j9OThSOWnC4,"Kingdom Hearts 3 Piano Song - ""See Me Through"" | By Divide Music Ft Sailorurlove",https://www.youtube.com/watch?v=j9OThSOWnC4,"2019-01-12",8,1716,Saturday,January,2019,169460.0,3320.0,98.8,1.9,0.02,3.27
UC3P-tn_Mk1V_KE8M2On8F2w,Divide Music,https://www.youtube.com/@DivideMusic,"2016-08-20","Official channel of artist Divide Music. All songs available to purchase/stream on iTunes, Spotify, Google Play etc.",316000.0,174170000,174.0,"29f1-uVjQpo","Resident Evil 2 Song - ""The City"" | By Divide Music",https://www.youtube.com/watch?v=29f1-uVjQpo,"2019-02-02",21,1695,Saturday,February,2019,67133.0,1474.0,39.6,0.9,0.022,3.03
UC3P-tn_Mk1V_KE8M2On8F2w,Divide Music,https://www.youtube.com/@DivideMusic,"2016-08-20","Official channel of artist Divide Music. All songs available to purchase/stream on iTunes, Spotify, Google Play etc.",316000.0,174170000,174.0,GDdVqVXpZ1g,"Bioshock Song - ""Would You Kindly"" | By Divide Music & JT Music",https://www.youtube.com/watch?v=GDdVqVXpZ1g,"2019-02-17",15,1680,Sunday,February,2019,93065.0,1786.0,55.4,1.1,0.019,5.37
UC3P-tn_Mk1V_KE8M2On8F2w,Divide Music,https://www.youtube.com/@DivideMusic,"2016-08-20","Official channel of artist Divide Music. All songs available to purchase/stream on iTunes, Spotify, Google Play etc.",316000.0,174170000,174.0,zh60s49CB_w,"Devil May Cry 5 Song - ""Wither"" | By Divide Music",https://www.youtube.com/watch?v=zh60s49CB_w,"2019-03-08",19,1661,Friday,March,2019,271815.0,4341.0,163.6,2.6,0.016,3.95
UC3P-tn_Mk1V_KE8M2On8F2w,Divide Music,https://www.youtube.com/@DivideMusic,"2016-08-20","Official channel of artist Divide Music. All songs available to purchase/stream on iTunes, Spotify, Google Play etc.",316000.0,174170000,174.0,CwT43LFYsZo,"Subnautica Song - ""Sound of Silence"" | By Divide Music",https://www.youtube.com/watch?v=CwT43LFYsZo,"2019-04-14",37,1624,Sunday,April,2019,142479.0,2609.0,87.7,1.6,0.018,3.42
UC3P-tn_Mk1V_KE8M2On8F2w,Divide Music,https://www.youtube.com/@DivideMusic,"2016-08-20","Official channel of artist Divide Music. All songs available to purchase/stream on iTunes, Spotify, Google Play etc.",316000.0,174170000,174.0,RNYzwO8mTpA,"Avengers: Endgame Song - ""Endgame"" | By Divide Music & FabvL",https://www.youtube.com/watch?v=RNYzwO8mTpA,"2019-04-27",13,1611,Saturday,April,2019,476589.0,9099.0,295.8,5.6,0.019,4.53
UC3P-tn_Mk1V_KE8M2On8F2w,Divide Music,https://www.youtube.com/@DivideMusic,"2016-08-20","Official channel of artist Divide Music. All songs available to purchase/stream on iTunes, Spotify, Google Play etc.",316000.0,174170000,174.0,BzpGmZum_Nw,"Warframe Fortuna Song - ""Fortuna"" | By Divide Music",https://www.youtube.com/watch?v=BzpGmZum_Nw,"2019-05-11",14,1597,Saturday,May,2019,563848.0,10036.0,353.1,6.3,0.018,4.17
UC3P-tn_Mk1V_KE8M2On8F2w,Divide Music,https://www.youtube.com/@DivideMusic,"2016-08-20","Official channel of artist Divide Music. All songs available to purchase/stream on iTunes, Spotify, Google Play etc.",316000.0,174170000,174.0,ESwQzKHO4xQ,"Fullmetal Alchemist Metal Song - ""Power Divine"" | By Divide Music",https://www.youtube.com/watch?v=ESwQzKHO4xQ,"2019-06-08",28,1569,Saturday,June,2019,578424.0,7170.0,368.7,4.6,0.012,4.37
UC3P-tn_Mk1V_KE8M2On8F2w,Divide Music,https://www.youtube.com/@DivideMusic,"2016-08-20","Official channel of artist Divide Music. All songs available to purchase/stream on iTunes, Spotify, Google Play etc.",316000.0,174170000,174.0,VgCmHKNlFzc,"Spider-Man: Far From Home Song -""3000"" | By Divide Music",https://www.youtube.com/watch?v=VgCmHKNlFzc,"2019-06-21",13,1556,Friday,June,2019,523474.0,16219.0,336.4,10.4,0.031,3.78
UC3P-tn_Mk1V_KE8M2On8F2w,Divide Music,https://www.youtube.com/@DivideMusic,"2016-08-20","Official channel of artist Divide Music. All songs available to purchase/stream on iTunes, Spotify, Google Play etc.",316000.0,174170000,174.0,tDEEBsacJE8,Divide Music - Two Faces (Official Lyric Video),https://www.youtube.com/watch?v=tDEEBsacJE8,"2019-07-06",15,1541,Saturday,July,2019,73038.0,1721.0,47.4,1.1,0.024,2.75
UC3P-tn_Mk1V_KE8M2On8F2w,Divide Music,https://www.youtube.com/@DivideMusic,"2016-08-20","Official channel of artist Divide Music. All songs available to purchase/stream on iTunes, Spotify, Google Play etc.",316000.0,174170000,174.0,j8ytq81Ezuc,"My Hero Academia Song -""Hero"" | By Divide Music",https://www.youtube.com/watch?v=j8ytq81Ezuc,"2019-07-20",14,1527,Saturday,July,2019,246159.0,5205.0,161.2,3.4,0.021,3.45
UC3P-tn_Mk1V_KE8M2On8F2w,Divide Music,https://www.youtube.com/@DivideMusic,"2016-08-20","Official channel of artist Divide Music. All songs available to purchase/stream on iTunes, Spotify, Google Play etc.",316000.0,174170000,174.0,c4qFe15eG6Q,"ASTA SONG | ""Clover"" | By Divide Music [Black Clover]",https://www.youtube.com/watch?v=c4qFe15eG6Q,"2019-08-02",13,1514,Friday,August,2019,1443560.0,24029.0,953.5,15.9,0.017,3.47
UC3P-tn_Mk1V_KE8M2On8F2w,Divide Music,https://www.youtube.com/@DivideMusic,"2016-08-20","Official channel of artist Divide Music. All songs available to purchase/stream on iTunes, Spotify, Google Play etc.",316000.0,174170000,174.0,"2LdZl6E6Wp4","Seven Deadly Sins Ban Song -""Anyway"" | By Divide Music",https://www.youtube.com/watch?v=2LdZl6E6Wp4,"2019-08-17",15,1499,Saturday,August,2019,835472.0,11217.0,557.4,7.5,0.013,3.8
UC3P-tn_Mk1V_KE8M2On8F2w,Divide Music,https://www.youtube.com/@DivideMusic,"2016-08-20","Official channel of artist Divide Music. All songs available to purchase/stream on iTunes, Spotify, Google Play etc.",316000.0,174170000,174.0,uLqbBj3_i2M,"MELIODAS METAL SONG | ""Dragon Sin"" | By Divide Music [Seven Deadly Sins]",https://www.youtube.com/watch?v=uLqbBj3_i2M,"2019-08-25",8,1491,Sunday,August,2019,2763940.0,25680.0,1853.7,17.2,0.009,4.15
UC3P-tn_Mk1V_KE8M2On8F2w,Divide Music,https://www.youtube.com/@DivideMusic,"2016-08-20","Official channel of artist Divide Music. All songs available to purchase/stream on iTunes, Spotify, Google Play etc.",316000.0,174170000,174.0,Z5mlWLVrvBQ,"TANJIRO METAL SONG -""The Night"" | By Divide Music [Demon Slayer]",https://www.youtube.com/watch?v=Z5mlWLVrvBQ,"2019-08-31",6,1485,Saturday,August,2019,3115170.0,31313.0,2097.8,21.1,0.01,4.1
UC3P-tn_Mk1V_KE8M2On8F2w,Divide Music,https://www.youtube.com/@DivideMusic,"2016-08-20","Official channel of artist Divide Music. All songs available to purchase/stream on iTunes, Spotify, Google Play etc.",316000.0,174170000,174.0,"1H-I-V0xQ9w","NATSU METAL SONG | ""Burn"" | Divide Music Ft. RUSTAGE [Fairy Tail]",https://www.youtube.com/watch?v=1H-I-V0xQ9w,"2019-09-14",14,1471,Saturday,September,2019,767039.0,11133.0,521.4,7.6,0.015,3.33
UC3P-tn_Mk1V_KE8M2On8F2w,Divide Music,https://www.youtube.com/@DivideMusic,"2016-08-20","Official channel of artist Divide Music. All songs available to purchase/stream on iTunes, Spotify, Google Play etc.",316000.0,174170000,174.0,dK0OxWzkdBg,"ESCANOR METAL SONG | ""Lion Sin"" | Divide Music Ft. NLJ [Seven Deadly Sins]",https://www.youtube.com/watch?v=dK0OxWzkdBg,"2019-09-27",13,1458,Friday,September,2019,5088120.0,37505.0,3489.8,25.7,0.007,3.2
UC3P-tn_Mk1V_KE8M2On8F2w,Divide Music,https://www.youtube.com/@DivideMusic,"2016-08-20","Official channel of artist Divide Music. All songs available to purchase/stream on iTunes, Spotify, Google Play etc.",316000.0,174170000,174.0,s2KWRC342Wc,"ALL MIGHT METAL SONG | ""One For All"" | Divide Music | [My Hero Academia]",https://www.youtube.com/watch?v=s2KWRC342Wc,"2019-10-11",14,1444,Friday,October,2019,8145980.0,70879.0,5641.3,49.1,0.009,3.5
UC3P-tn_Mk1V_KE8M2On8F2w,Divide Music,https://www.youtube.com/@DivideMusic,"2016-08-20","Official channel of artist Divide Music. All songs available to purchase/stream on iTunes, Spotify, Google Play etc.",316000.0,174170000,174.0,u-Ym4pzESj4,"BLUE EXORCIST SONG | “Believe"" | Divide Music Ft. FabvL",https://www.youtube.com/watch?v=u-Ym4pzESj4,"2019-10-25",14,1430,Friday,October,2019,564430.0,7538.0,394.7,5.3,0.013,3.33
UC3P-tn_Mk1V_KE8M2On8F2w,Divide Music,https://www.youtube.com/@DivideMusic,"2016-08-20","Official channel of artist Divide Music. All songs available to purchase/stream on iTunes, Spotify, Google Play etc.",316000.0,174170000,174.0,XNXpWk2o-Kg,"EREN YEAGER METAL SONG | “Beyond The Walls"" | Divide Music [Attack On Titan]",https://www.youtube.com/watch?v=XNXpWk2o-Kg,"2019-11-08",14,1416,Friday,November,2019,258288.0,4458.0,182.4,3.1,0.017,3.62
UC3P-tn_Mk1V_KE8M2On8F2w,Divide Music,https://www.youtube.com/@DivideMusic,"2016-08-20","Official channel of artist Divide Music. All songs available to purchase/stream on iTunes, Spotify, Google Play etc.",316000.0,174170000,174.0,dSKnMckPFU4,"BAKUGO SONG | ""Bleed"" | Divide Music | [My Hero Academia]",https://www.youtube.com/watch?v=dSKnMckPFU4,"2019-11-22",14,1402,Friday,November,2019,1768880.0,19530.0,1261.7,13.9,0.011,3.72
UC3P-tn_Mk1V_KE8M2On8F2w,Divide Music,https://www.youtube.com/@DivideMusic,"2016-08-20","Official channel of artist Divide Music. All songs available to purchase/stream on iTunes, Spotify, Google Play etc.",316000.0,174170000,174.0,FJPc86b5S2c,"DIANE SONG -""Serpent Sin"" | Divide Music | [Seven Deadly Sins]",https://www.youtube.com/watch?v=FJPc86b5S2c,"2019-11-29",7,1395,Friday,November,2019,811720.0,8750.0,581.9,6.3,0.011,3.4
UC3P-tn_Mk1V_KE8M2On8F2w,Divide Music,https://www.youtube.com/@DivideMusic,"2016-08-20","Official channel of artist Divide Music. All songs available to purchase/stream on iTunes, Spotify, Google Play etc.",316000.0,174170000,174.0,"8IHIKPHngcE","ONE PUNCH MAN METAL SONG -""Color To Canvas"" | Divide Music (UNOFFICIAL OPENING)",https://www.youtube.com/watch?v=8IHIKPHngcE,"2019-12-06",7,1388,Friday,December,2019,133138.0,3124.0,95.9,2.3,0.023,2.55
UC3P-tn_Mk1V_KE8M2On8F2w,Divide Music,https://www.youtube.com/@DivideMusic,"2016-08-20","Official channel of artist Divide Music. All songs available to purchase/stream on iTunes, Spotify, Google Play etc.",316000.0,174170000,174.0,k-i1lnMah7Q,"SASUKE UCHIHA SONG -""Cold"" | Divide Music Ft. FabvL | [NARUTO]",https://www.youtube.com/watch?v=k-i1lnMah7Q,"2019-12-20",14,1374,Friday,December,2019,2334530.0,27214.0,1699.1,19.8,0.012,3.65
UC3P-tn_Mk1V_KE8M2On8F2w,Divide Music,https://www.youtube.com/@DivideMusic,"2016-08-20","Official channel of artist Divide Music. All songs available to purchase/stream on iTunes, Spotify, Google Play etc.",316000.0,174170000,174.0,"8XkW8K4BLbo","YUNO SONG -""Let It Go"" | Divide Music Ft. Dreaded Yasuke | [BLACK CLOVER]",https://www.youtube.com/watch?v=8XkW8K4BLbo,"2020-01-10",21,1353,Friday,January,2020,670633.0,7270.0,495.7,5.4,0.011,3.47
UC3P-tn_Mk1V_KE8M2On8F2w,Divide Music,https://www.youtube.com/@DivideMusic,"2016-08-20","Official channel of artist Divide Music. All songs available to purchase/stream on iTunes, Spotify, Google Play etc.",316000.0,174170000,174.0,QJEPRERxZFs,"RISING OF THE SHIELD HERO SONG -""Hide"" | Divide Music",https://www.youtube.com/watch?v=QJEPRERxZFs,"2020-01-24",14,1339,Friday,January,2020,689916.0,9515.0,515.2,7.1,0.014,3.7
UC3P-tn_Mk1V_KE8M2On8F2w,Divide Music,https://www.youtube.com/@DivideMusic,"2016-08-20","Official channel of artist Divide Music. All songs available to purchase/stream on iTunes, Spotify, Google Play etc.",316000.0,174170000,174.0,aFBeoamRsgk,"KAKASHI SONG -""Hear Me"" | Divide Music [NARUTO]",https://www.youtube.com/watch?v=aFBeoamRsgk,"2020-01-31",7,1332,Friday,January,2020,1607810.0,21471.0,1207.1,16.1,0.013,3.25
UC3P-tn_Mk1V_KE8M2On8F2w,Divide Music,https://www.youtube.com/@DivideMusic,"2016-08-20","Official channel of artist Divide Music. All songs available to purchase/stream on iTunes, Spotify, Google Play etc.",316000.0,174170000,174.0,"0Uuu4sG3SGw","DEKU SONG | ""Pride"" | Divide Music | [My Hero Academia]",https://www.youtube.com/watch?v=0Uuu4sG3SGw,"2020-02-07",7,1325,Friday,February,2020,4419330.0,43497.0,3335.3,32.8,0.01,3.7
UC3P-tn_Mk1V_KE8M2On8F2w,Divide Music,https://www.youtube.com/@DivideMusic,"2016-08-20","Official channel of artist Divide Music. All songs available to purchase/stream on iTunes, Spotify, Google Play etc.",316000.0,174170000,174.0,sPra_XU4D0s,"ONE PIECE SONG | ""The Straw Hats"" | Divide Music",https://www.youtube.com/watch?v=sPra_XU4D0s,"2020-02-14",7,1318,Friday,February,2020,1413540.0,13571.0,1072.5,10.3,0.01,6.38
UC3P-tn_Mk1V_KE8M2On8F2w,Divide Music,https://www.youtube.com/@DivideMusic,"2016-08-20","Official channel of artist Divide Music. All songs available to purchase/stream on iTunes, Spotify, Google Play etc.",316000.0,174170000,174.0,HGjm0HskzFg,"SHIGARAKI SONG | ""All For One"" | Divide Music | [My Hero Academia]",https://www.youtube.com/watch?v=HGjm0HskzFg,"2020-02-21",7,1311,Friday,February,2020,676196.0,9854.0,515.8,7.5,0.015,3.02
UC3P-tn_Mk1V_KE8M2On8F2w,Divide Music,https://www.youtube.com/@DivideMusic,"2016-08-20","Official channel of artist Divide Music. All songs available to purchase/stream on iTunes, Spotify, Google Play etc.",316000.0,174170000,174.0,DlABCpimDXY,"TOKYO GHOUL SONG | ""Voice Inside"" | Divide Music",https://www.youtube.com/watch?v=DlABCpimDXY,"2020-02-28",7,1304,Friday,February,2020,166245.0,3809.0,127.5,2.9,0.023,3.4
UC3P-tn_Mk1V_KE8M2On8F2w,Divide Music,https://www.youtube.com/@DivideMusic,"2016-08-20","Official channel of artist Divide Music. All songs available to purchase/stream on iTunes, Spotify, Google Play etc.",316000.0,174170000,174.0,sXtrbEIkOBo,"HINATA & NEJI HYUGA SONG -""Just Begun"" | Divide Music FT. FabvL & Sailorurlove [NARUTO]",https://www.youtube.com/watch?v=sXtrbEIkOBo,"2020-03-06",7,1297,Friday,March,2020,912980.0,12040.0,703.9,9.3,0.013,3.27
UC3P-tn_Mk1V_KE8M2On8F2w,Divide Music,https://www.youtube.com/@DivideMusic,"2016-08-20","Official channel of artist Divide Music. All songs available to purchase/stream on iTunes, Spotify, Google Play etc.",316000.0,174170000,174.0,wFi0FFhsYDM,"KING SONG | ""Sloth Sin"" | Divide Music [Seven Deadly Sins]",https://www.youtube.com/watch?v=wFi0FFhsYDM,"2020-03-13",7,1290,Friday,March,2020,1635900.0,15243.0,1268.1,11.8,0.009,3.77
UC3P-tn_Mk1V_KE8M2On8F2w,Divide Music,https://www.youtube.com/@DivideMusic,"2016-08-20","Official channel of artist Divide Music. All songs available to purchase/stream on iTunes, Spotify, Google Play etc.",316000.0,174170000,174.0,ttVoVr2F75k,"DEATH NOTE SONG | ""Light"" | Divide Music [Death Note]",https://www.youtube.com/watch?v=ttVoVr2F75k,"2020-03-20",7,1283,Friday,March,2020,652384.0,10435.0,508.5,8.1,0.016,4.12
UC3P-tn_Mk1V_KE8M2On8F2w,Divide Music,https://www.youtube.com/@DivideMusic,"2016-08-20","Official channel of artist Divide Music. All songs available to purchase/stream on iTunes, Spotify, Google Play etc.",316000.0,174170000,174.0,"98JL3hrZ6FA","KIRISHIMA SONG | ""Break My Body"" | Divide Music | [My Hero Academia]",https://www.youtube.com/watch?v=98JL3hrZ6FA,"2020-03-27",7,1276,Friday,March,2020,3833760.0,40656.0,3004.5,31.9,0.011,4.2
UC3P-tn_Mk1V_KE8M2On8F2w,Divide Music,https://www.youtube.com/@DivideMusic,"2016-08-20","Official channel of artist Divide Music. All songs available to purchase/stream on iTunes, Spotify, Google Play etc.",316000.0,174170000,174.0,"0iqH3R0n1og","Demon Slayer OP - ""Gurenge"" [FULL English Dub Metal Cover] By Divide Music",https://www.youtube.com/watch?v=0iqH3R0n1og,"2020-04-03",7,1269,Friday,April,2020,676329.0,12435.0,533.0,9.8,0.018,4.17
UC3P-tn_Mk1V_KE8M2On8F2w,Divide Music,https://www.youtube.com/@DivideMusic,"2016-08-20","Official channel of artist Divide Music. All songs available to purchase/stream on iTunes, Spotify, Google Play etc.",316000.0,174170000,174.0,X4fIqbUjEEI,"NARUTO SONG -""Believe It"" | Divide Music Ft. Zach Boucher [NARUTO]",https://www.youtube.com/watch?v=X4fIqbUjEEI,"2020-04-10",7,1262,Friday,April,2020,7991570.0,114443.0,6332.5,90.7,0.014,4.48
UC3P-tn_Mk1V_KE8M2On8F2w,Divide Music,https://www.youtube.com/@DivideMusic,"2016-08-20","Official channel of artist Divide Music. All songs available to purchase/stream on iTunes, Spotify, Google Play etc.",316000.0,174170000,174.0,AySbzBfsT6k,"ENDEAVOR SONG | ""Next In Line"" | Divide Music | [My Hero Academia]",https://www.youtube.com/watch?v=AySbzBfsT6k,"2020-04-17",7,1255,Friday,April,2020,1253690.0,17491.0,999.0,13.9,0.014,3.83
UC3P-tn_Mk1V_KE8M2On8F2w,Divide Music,https://www.youtube.com/@DivideMusic,"2016-08-20","Official channel of artist Divide Music. All songs available to purchase/stream on iTunes, Spotify, Google Play etc.",316000.0,174170000,174.0,oB14irH1rxA,"LEAGUE OF VILLAINS SONG | ""Burn It Down"" | Divide Music & FabvL | [My Hero Academia]",https://www.youtube.com/watch?v=oB14irH1rxA,"2020-04-24",7,1248,Friday,April,2020,449854.0,8928.0,360.5,7.2,0.02,3.9
UC3P-tn_Mk1V_KE8M2On8F2w,Divide Music,https://www.youtube.com/@DivideMusic,"2016-08-20","Official channel of artist Divide Music. All songs available to purchase/stream on iTunes, Spotify, Google Play etc.",316000.0,174170000,174.0,"4-rLJ5DkECA","ZENITSU SONG | ""Awoken"" | Divide Music | [Demon Slayer]",https://www.youtube.com/watch?v=4-rLJ5DkECA,"2020-05-01",7,1241,Friday,May,2020,3943780.0,47863.0,3177.9,38.6,0.012,4.0
UC3P-tn_Mk1V_KE8M2On8F2w,Divide Music,https://www.youtube.com/@DivideMusic,"2016-08-20","Official channel of artist Divide Music. All songs available to purchase/stream on iTunes, Spotify, Google Play etc.",316000.0,174170000,174.0,"5BaXcV5IgAo","BROLY SONG | ""Returned"" | Divide Music | [Dragon Ball Super]",https://www.youtube.com/watch?v=5BaXcV5IgAo,"2020-05-08",7,1234,Friday,May,2020,3048880.0,33940.0,2470.7,27.5,0.011,4.2
UC3P-tn_Mk1V_KE8M2On8F2w,Divide Music,https://www.youtube.com/@DivideMusic,"2016-08-20","Official channel of artist Divide Music. All songs available to purchase/stream on iTunes, Spotify, Google Play etc.",316000.0,174170000,174.0,mLwh2pDyVwc,"GON SONG | ""See Me Now"" | Divide Music | [Hunter x Hunter]",https://www.youtube.com/watch?v=mLwh2pDyVwc,"2020-05-15",7,1227,Friday,May,2020,473679.0,8747.0,386.0,7.1,0.018,3.67
UC3P-tn_Mk1V_KE8M2On8F2w,Divide Music,https://www.youtube.com/@DivideMusic,"2016-08-20","Official channel of artist Divide Music. All songs available to purchase/stream on iTunes, Spotify, Google Play etc.",316000.0,174170000,174.0,hMPK8w0hAvY,"ITACHI UCHIHA SONG -""Broken Statues"" | Divide Music [NARUTO]",https://www.youtube.com/watch?v=hMPK8w0hAvY,"2020-05-29",14,1213,Friday,May,2020,1121400.0,16737.0,924.5,13.8,0.015,3.98
UC3P-tn_Mk1V_KE8M2On8F2w,Divide Music,https://www.youtube.com/@DivideMusic,"2016-08-20","Official channel of artist Divide Music. All songs available to purchase/stream on iTunes, Spotify, Google Play etc.",316000.0,174170000,174.0,Mx5eTOQqgnQ,"ICHIGO SONG -""Hollow"" | Divide Music [BLEACH]",https://www.youtube.com/watch?v=Mx5eTOQqgnQ,"2020-06-12",14,1199,Friday,June,2020,1096600.0,16971.0,914.6,14.2,0.015,3.47
UC3P-tn_Mk1V_KE8M2On8F2w,Divide Music,https://www.youtube.com/@DivideMusic,"2016-08-20","Official channel of artist Divide Music. All songs available to purchase/stream on iTunes, Spotify, Google Play etc.",316000.0,174170000,174.0,"9APbvbFMMe4","SHOTO TODOROKI SONG -""Scars"" | Divide Music [My Hero Academia]",https://www.youtube.com/watch?v=9APbvbFMMe4,"2020-06-19",7,1192,Friday,June,2020,787219.0,17357.0,660.4,14.6,0.022,3.0
UC3P-tn_Mk1V_KE8M2On8F2w,Divide Music,https://www.youtube.com/@DivideMusic,"2016-08-20","Official channel of artist Divide Music. All songs available to purchase/stream on iTunes, Spotify, Google Play etc.",316000.0,174170000,174.0,VCmRRaPmk_A,"GOWTHER SONG -""Goat Sin"" | Divide Music [Seven Deadly Sins]",https://www.youtube.com/watch?v=VCmRRaPmk_A,"2020-06-26",7,1185,Friday,June,2020,691928.0,10542.0,583.9,8.9,0.015,4.0
UC3P-tn_Mk1V_KE8M2On8F2w,Divide Music,https://www.youtube.com/@DivideMusic,"2016-08-20","Official channel of artist Divide Music. All songs available to purchase/stream on iTunes, Spotify, Google Play etc.",316000.0,174170000,174.0,j6P_LaCvpLE,"GAARA SONG -""Monster"" | Divide Music Ft. Daddyphatsnaps [NARUTO]",https://www.youtube.com/watch?v=j6P_LaCvpLE,"2020-07-10",14,1171,Friday,July,2020,1534190.0,21719.0,1310.2,18.5,0.014,4.67
UC3P-tn_Mk1V_KE8M2On8F2w,Divide Music,https://www.youtube.com/@DivideMusic,"2016-08-20","Official channel of artist Divide Music. All songs available to purchase/stream on iTunes, Spotify, Google Play etc.",316000.0,174170000,174.0,oaTS8YAsFWw,"HINATA SONG -""Flight"" | Divide Music [Haikyuu!!]",https://www.youtube.com/watch?v=oaTS8YAsFWw,"2020-07-17",7,1164,Friday,July,2020,317039.0,7346.0,272.4,6.3,0.023,3.83
UC3P-tn_Mk1V_KE8M2On8F2w,Divide Music,https://www.youtube.com/@DivideMusic,"2016-08-20","Official channel of artist Divide Music. All songs available to purchase/stream on iTunes, Spotify, Google Play etc.",316000.0,174170000,174.0,gyA0FT19dEI,"FIRE FORCE SONG -""Where I Belong"" | Divide Music [Fire Force]",https://www.youtube.com/watch?v=gyA0FT19dEI,"2020-07-24",7,1157,Friday,July,2020,831707.0,13289.0,718.8,11.5,0.016,3.85
UC3P-tn_Mk1V_KE8M2On8F2w,Divide Music,https://www.youtube.com/@DivideMusic,"2016-08-20","Official channel of artist Divide Music. All songs available to purchase/stream on iTunes, Spotify, Google Play etc.",316000.0,174170000,174.0,EK9F7vgQOIA,"MIRIO TOGATA SONG -""Million"" | Divide Music [My Hero Academia]",https://www.youtube.com/watch?v=EK9F7vgQOIA,"2020-07-31",7,1150,Friday,July,2020,2650360.0,26934.0,2304.7,23.4,0.01,4.0
UC3P-tn_Mk1V_KE8M2On8F2w,Divide Music,https://www.youtube.com/@DivideMusic,"2016-08-20","Official channel of artist Divide Music. All songs available to purchase/stream on iTunes, Spotify, Google Play etc.",316000.0,174170000,174.0,pi4tNkGhiS0,"INOSUKE SONG | ""Rip You Apart"" | Divide Music | [Demon Slayer]",https://www.youtube.com/watch?v=pi4tNkGhiS0,"2020-08-07",7,1143,Friday,August,2020,1874830.0,23849.0,1640.3,20.9,0.013,3.62
UC3P-tn_Mk1V_KE8M2On8F2w,Divide Music,https://www.youtube.com/@DivideMusic,"2016-08-20","Official channel of artist Divide Music. All songs available to purchase/stream on iTunes, Spotify, Google Play etc.",316000.0,174170000,174.0,xfZm8uIiOM0,"BEERUS SONG | ""God"" | Divide Music Ft. FabvL [Dragon Ball Super]",https://www.youtube.com/watch?v=xfZm8uIiOM0,"2020-08-14",7,1136,Friday,August,2020,6116830.0,58069.0,5384.5,51.1,0.009,4.6
UC3P-tn_Mk1V_KE8M2On8F2w,Divide Music,https://www.youtube.com/@DivideMusic,"2016-08-20","Official channel of artist Divide Music. All songs available to purchase/stream on iTunes, Spotify, Google Play etc.",316000.0,174170000,174.0,SO8JPKWssfg,"ZUKO SONG | ""No Way Out"" | Divide Music Ft. ChewieCatt [Avatar]",https://www.youtube.com/watch?v=SO8JPKWssfg,"2020-08-28",14,1122,Friday,August,2020,1529340.0,27721.0,1363.0,24.7,0.018,4.28
UC3P-tn_Mk1V_KE8M2On8F2w,Divide Music,https://www.youtube.com/@DivideMusic,"2016-08-20","Official channel of artist Divide Music. All songs available to purchase/stream on iTunes, Spotify, Google Play etc.",316000.0,174170000,174.0,"8y6qzrlLzoM","OVERHAUL SONG -""Into The Dark"" | Divide Music [My Hero Academia]",https://www.youtube.com/watch?v=8y6qzrlLzoM,"2020-09-11",14,1108,Friday,September,2020,2879490.0,30326.0,2598.8,27.4,0.011,4.45
UC3P-tn_Mk1V_KE8M2On8F2w,Divide Music,https://www.youtube.com/@DivideMusic,"2016-08-20","Official channel of artist Divide Music. All songs available to purchase/stream on iTunes, Spotify, Google Play etc.",316000.0,174170000,174.0,ngZkeRd-Ako,"SWORD ART ONLINE SONG -""Reality"" | Divide Music feat. AmaLee [SAO]",https://www.youtube.com/watch?v=ngZkeRd-Ako,"2020-09-25",14,1094,Friday,September,2020,3351560.0,46701.0,3063.6,42.7,0.014,4.65
UC3P-tn_Mk1V_KE8M2On8F2w,Divide Music,https://www.youtube.com/@DivideMusic,"2016-08-20","Official channel of artist Divide Music. All songs available to purchase/stream on iTunes, Spotify, Google Play etc.",316000.0,174170000,174.0,eSThYqYgVkM,"NARUTO SONG -""State Of Mind"" | Divide Music | [ROCK LEE]",https://www.youtube.com/watch?v=eSThYqYgVkM,"2020-10-09",14,1080,Friday,October,2020,2584850.0,31263.0,2393.4,28.9,0.012,3.87
UC3P-tn_Mk1V_KE8M2On8F2w,Divide Music,https://www.youtube.com/@DivideMusic,"2016-08-20","Official channel of artist Divide Music. All songs available to purchase/stream on iTunes, Spotify, Google Play etc.",316000.0,174170000,174.0,"24zpLded27Y","UNCLE IROH SONG | ""Find Your Way"" | Divide Music [Avatar]",https://www.youtube.com/watch?v=24zpLded27Y,"2020-10-23",14,1066,Friday,October,2020,1614940.0,34616.0,1515.0,32.5,0.021,4.35
UC3P-tn_Mk1V_KE8M2On8F2w,Divide Music,https://www.youtube.com/@DivideMusic,"2016-08-20","Official channel of artist Divide Music. All songs available to purchase/stream on iTunes, Spotify, Google Play etc.",316000.0,174170000,174.0,wIzmHJvzxlA,BABY YODA SONG | ChewieCatt Cover | Divide Music [The Mandalorian],https://www.youtube.com/watch?v=wIzmHJvzxlA,"2020-10-30",7,1059,Friday,October,2020,221180.0,7223.0,208.9,6.8,0.033,3.95
UC3P-tn_Mk1V_KE8M2On8F2w,Divide Music,https://www.youtube.com/@DivideMusic,"2016-08-20","Official channel of artist Divide Music. All songs available to purchase/stream on iTunes, Spotify, Google Play etc.",316000.0,174170000,174.0,bIshXaD-VAI,"BAN SONG -""Fox Sin"" | Divide Music Ft. Zach Boucher [Seven Deadly Sins]",https://www.youtube.com/watch?v=bIshXaD-VAI,"2020-11-13",14,1045,Friday,November,2020,2169930.0,25720.0,2076.5,24.6,0.012,4.13
UC3P-tn_Mk1V_KE8M2On8F2w,Divide Music,https://www.youtube.com/@DivideMusic,"2016-08-20","Official channel of artist Divide Music. All songs available to purchase/stream on iTunes, Spotify, Google Play etc.",316000.0,174170000,174.0,in_lFiB04wg,"MOB PSYCHO SONG -""Psycho"" | Divide Music [Mob Psycho 100]",https://www.youtube.com/watch?v=in_lFiB04wg,"2020-11-27",14,1031,Friday,November,2020,766639.0,14711.0,743.6,14.3,0.019,3.77
UC3P-tn_Mk1V_KE8M2On8F2w,Divide Music,https://www.youtube.com/@DivideMusic,"2016-08-20","Official channel of artist Divide Music. All songs available to purchase/stream on iTunes, Spotify, Google Play etc.",316000.0,174170000,174.0,eP7AERtfy1E,"PAIN SONG -""Understand Pain"" | Divide Music | [NARUTO]",https://www.youtube.com/watch?v=eP7AERtfy1E,"2020-12-04",7,1024,Friday,December,2020,981771.0,17597.0,958.8,17.2,0.018,3.23
UC3P-tn_Mk1V_KE8M2On8F2w,Divide Music,https://www.youtube.com/@DivideMusic,"2016-08-20","Official channel of artist Divide Music. All songs available to purchase/stream on iTunes, Spotify, Google Play etc.",316000.0,174170000,174.0,-3pludiLxC4,"VEGETA SONG | ""Say My Name"" | Divide Music [Dragon Ball Super]",https://www.youtube.com/watch?v=-3pludiLxC4,"2020-12-18",14,1010,Friday,December,2020,7789710.0,78925.0,7712.6,78.1,0.01,4.18
UC3P-tn_Mk1V_KE8M2On8F2w,Divide Music,https://www.youtube.com/@DivideMusic,"2016-08-20","Official channel of artist Divide Music. All songs available to purchase/stream on iTunes, Spotify, Google Play etc.",316000.0,174170000,174.0,zwAAXH_3FcI,"ZENITSU SONG | ""Awoken"" CINEMATIC | Divide Music [Demon Slayer]",https://www.youtube.com/watch?v=zwAAXH_3FcI,"2020-12-25",7,1003,Friday,December,2020,901550.0,18006.0,898.9,18.0,0.02,3.82
UC3P-tn_Mk1V_KE8M2On8F2w,Divide Music,https://www.youtube.com/@DivideMusic,"2016-08-20","Official channel of artist Divide Music. All songs available to purchase/stream on iTunes, Spotify, Google Play etc.",316000.0,174170000,174.0,uXRocrYXtJw,"DABI SONG | ""Filthy Stains"" | Divide Music [My Hero Academia]",https://www.youtube.com/watch?v=uXRocrYXtJw,"2021-02-05",42,961,Friday,February,2021,1665570.0,23342.0,1733.2,24.3,0.014,4.45
UC3P-tn_Mk1V_KE8M2On8F2w,Divide Music,https://www.youtube.com/@DivideMusic,"2016-08-20","Official channel of artist Divide Music. All songs available to purchase/stream on iTunes, Spotify, Google Play etc.",316000.0,174170000,174.0,kWvONIxWa5k,"SASUKE SONG | ""Beyond Human"" | Divide Music Ft. Sinewave Fox [Naruto]",https://www.youtube.com/watch?v=kWvONIxWa5k,"2021-02-19",14,947,Friday,February,2021,1219180.0,18668.0,1287.4,19.7,0.015,4.27
UC3P-tn_Mk1V_KE8M2On8F2w,Divide Music,https://www.youtube.com/@DivideMusic,"2016-08-20","Official channel of artist Divide Music. All songs available to purchase/stream on iTunes, Spotify, Google Play etc.",316000.0,174170000,174.0,"7-JvIcAkylI","ZUKO SONG | ""No Way Out"" | Divide Music Ft. ChewieCatt [Avatar]",https://www.youtube.com/watch?v=7-JvIcAkylI,"2021-02-26",7,940,Friday,February,2021,2034110.0,23555.0,2163.9,25.1,0.012,4.0
UC3P-tn_Mk1V_KE8M2On8F2w,Divide Music,https://www.youtube.com/@DivideMusic,"2016-08-20","Official channel of artist Divide Music. All songs available to purchase/stream on iTunes, Spotify, Google Play etc.",316000.0,174170000,174.0,LwXEy2HQfe4,"PROMISED NEVERLAND SONG | ""So Afraid"" | Divide Music [The Promised Neverland]",https://www.youtube.com/watch?v=LwXEy2HQfe4,"2021-03-05",7,933,Friday,March,2021,486071.0,11367.0,521.0,12.2,0.023,4.63
UC3P-tn_Mk1V_KE8M2On8F2w,Divide Music,https://www.youtube.com/@DivideMusic,"2016-08-20","Official channel of artist Divide Music. All songs available to purchase/stream on iTunes, Spotify, Google Play etc.",316000.0,174170000,174.0,-gfQd91g5WU,"YUJI ITADORI SONG | ""Break Me Down"" | Divide Music [Jujutsu Kaisen]",https://www.youtube.com/watch?v=-gfQd91g5WU,"2021-03-19",14,919,Friday,March,2021,2044670.0,23319.0,2224.9,25.4,0.011,4.65
UC3P-tn_Mk1V_KE8M2On8F2w,Divide Music,https://www.youtube.com/@DivideMusic,"2016-08-20","Official channel of artist Divide Music. All songs available to purchase/stream on iTunes, Spotify, Google Play etc.",316000.0,174170000,174.0,plxc3p0G674,"GUITAR PLAYTHROUGH ""Break Me Down"" | Divide Music | [Jujutsu Kaisen]",https://www.youtube.com/watch?v=plxc3p0G674,"2021-03-26",7,912,Friday,March,2021,31632.0,2818.0,34.7,3.1,0.089,5.68
UC3P-tn_Mk1V_KE8M2On8F2w,Divide Music,https://www.youtube.com/@DivideMusic,"2016-08-20","Official channel of artist Divide Music. All songs available to purchase/stream on iTunes, Spotify, Google Play etc.",316000.0,174170000,174.0,jkbeDofx2X8,"ICHIGO SONG | ""Relentless"" | Divide Music [Bleach]",https://www.youtube.com/watch?v=jkbeDofx2X8,"2021-04-02",7,905,Friday,April,2021,975502.0,16293.0,1077.9,18.0,0.017,3.97
UC3P-tn_Mk1V_KE8M2On8F2w,Divide Music,https://www.youtube.com/@DivideMusic,"2016-08-20","Official channel of artist Divide Music. All songs available to purchase/stream on iTunes, Spotify, Google Play etc.",316000.0,174170000,174.0,IEH0GhVK9k0,"GUITAR PLAYTHROUGH ""Relentless"" | Divide Music | [Ichigo Bleach]",https://www.youtube.com/watch?v=IEH0GhVK9k0,"2021-04-09",7,898,Friday,April,2021,23502.0,1536.0,26.2,1.7,0.065,3.57
UC3P-tn_Mk1V_KE8M2On8F2w,Divide Music,https://www.youtube.com/@DivideMusic,"2016-08-20","Official channel of artist Divide Music. All songs available to purchase/stream on iTunes, Spotify, Google Play etc.",316000.0,174170000,174.0,BnLQ6TNTDEw,"SAITAMA SONG | ""All It Takes"" | Divide Music [One Punch Man]",https://www.youtube.com/watch?v=BnLQ6TNTDEw,"2021-04-16",7,891,Friday,April,2021,862668.0,15384.0,968.2,17.3,0.018,3.45
UC3P-tn_Mk1V_KE8M2On8F2w,Divide Music,https://www.youtube.com/@DivideMusic,"2016-08-20","Official channel of artist Divide Music. All songs available to purchase/stream on iTunes, Spotify, Google Play etc.",316000.0,174170000,174.0,RBBhB9ELzYA,"GUITAR PLAYTHROUGH ""All It Takes"" | Divide Music | [One Punch Man]",https://www.youtube.com/watch?v=RBBhB9ELzYA,"2021-04-23",7,884,Friday,April,2021,20474.0,1285.0,23.2,1.5,0.063,3.05
UC3P-tn_Mk1V_KE8M2On8F2w,Divide Music,https://www.youtube.com/@DivideMusic,"2016-08-20","Official channel of artist Divide Music. All songs available to purchase/stream on iTunes, Spotify, Google Play etc.",316000.0,174170000,174.0,RaYhi5QRlBU,"ALUCARD SONG | ""Confess"" | Divide Music [Hellsing Ultimate]",https://www.youtube.com/watch?v=RaYhi5QRlBU,"2021-04-30",7,877,Friday,April,2021,1585680.0,22851.0,1808.1,26.1,0.014,3.53
UC3P-tn_Mk1V_KE8M2On8F2w,Divide Music,https://www.youtube.com/@DivideMusic,"2016-08-20","Official channel of artist Divide Music. All songs available to purchase/stream on iTunes, Spotify, Google Play etc.",316000.0,174170000,174.0,"30yyStjMeWA","JUJUTSU KAISEN - ""VIVID VICE"" (Opening) | ENGLISH Cover | Divide Music",https://www.youtube.com/watch?v=30yyStjMeWA,"2021-05-07",7,870,Friday,May,2021,287271.0,8462.0,330.2,9.7,0.029,3.08
UC3P-tn_Mk1V_KE8M2On8F2w,Divide Music,https://www.youtube.com/@DivideMusic,"2016-08-20","Official channel of artist Divide Music. All songs available to purchase/stream on iTunes, Spotify, Google Play etc.",316000.0,174170000,174.0,eb7ZrGIgK6U,"INVINCIBLE SONG | ""Born For This"" | Divide Music [Invincible]",https://www.youtube.com/watch?v=eb7ZrGIgK6U,"2021-05-21",14,856,Friday,May,2021,1644150.0,21758.0,1920.7,25.4,0.013,3.53
UC3P-tn_Mk1V_KE8M2On8F2w,Divide Music,https://www.youtube.com/@DivideMusic,"2016-08-20","Official channel of artist Divide Music. All songs available to purchase/stream on iTunes, Spotify, Google Play etc.",316000.0,174170000,174.0,K-rUE_MhzMY,"OBITO SONG | ""Numb"" | Linkin Park Cover by Divide Music [Naruto]",https://www.youtube.com/watch?v=K-rUE_MhzMY,"2021-06-04",14,842,Friday,June,2021,557118.0,14105.0,661.7,16.8,0.025,3.15
UC3P-tn_Mk1V_KE8M2On8F2w,Divide Music,https://www.youtube.com/@DivideMusic,"2016-08-20","Official channel of artist Divide Music. All songs available to purchase/stream on iTunes, Spotify, Google Play etc.",316000.0,174170000,174.0,vsI2248ULi0,"SHIKAMARU SONG | ""By My Side"" | Divide Music Ft. McGwire [Naruto]",https://www.youtube.com/watch?v=vsI2248ULi0,"2021-06-18",14,828,Friday,June,2021,1038630.0,17076.0,1254.4,20.6,0.016,3.87
UC3P-tn_Mk1V_KE8M2On8F2w,Divide Music,https://www.youtube.com/@DivideMusic,"2016-08-20","Official channel of artist Divide Music. All songs available to purchase/stream on iTunes, Spotify, Google Play etc.",316000.0,174170000,174.0,QDE8IdJjOn4,"RE:ZERO SONG | ""Turn The Page"" | Divide Music [Re:Zero]",https://www.youtube.com/watch?v=QDE8IdJjOn4,"2021-07-02",14,814,Friday,July,2021,1112760.0,16033.0,1367.0,19.7,0.014,4.02
UC3P-tn_Mk1V_KE8M2On8F2w,Divide Music,https://www.youtube.com/@DivideMusic,"2016-08-20","Official channel of artist Divide Music. All songs available to purchase/stream on iTunes, Spotify, Google Play etc.",316000.0,174170000,174.0,a7YREkmmhO8,"RENGOKU SONG | ""Set It On Fire"" | Divide Music [Demon Slayer]",https://www.youtube.com/watch?v=a7YREkmmhO8,"2021-07-09",7,807,Friday,July,2021,1464550.0,18477.0,1814.8,22.9,0.013,3.9
UC3P-tn_Mk1V_KE8M2On8F2w,Divide Music,https://www.youtube.com/@DivideMusic,"2016-08-20","Official channel of artist Divide Music. All songs available to purchase/stream on iTunes, Spotify, Google Play etc.",316000.0,174170000,174.0,GTEcH68MWzE,"TODOROKI SONG | ""Demons"" | Divide Music [My Hero Academia]",https://www.youtube.com/watch?v=GTEcH68MWzE,"2021-07-16",7,800,Friday,July,2021,1036080.0,17943.0,1295.1,22.4,0.017,3.9
UC3P-tn_Mk1V_KE8M2On8F2w,Divide Music,https://www.youtube.com/@DivideMusic,"2016-08-20","Official channel of artist Divide Music. All songs available to purchase/stream on iTunes, Spotify, Google Play etc.",316000.0,174170000,174.0,urkjKjHrwRs,"JIRAIYA SONG | ""Stand Tall"" | Divide Music [Naruto]",https://www.youtube.com/watch?v=urkjKjHrwRs,"2021-07-30",14,786,Friday,July,2021,2241620.0,30356.0,2851.9,38.6,0.014,3.53
UC3P-tn_Mk1V_KE8M2On8F2w,Divide Music,https://www.youtube.com/@DivideMusic,"2016-08-20","Official channel of artist Divide Music. All songs available to purchase/stream on iTunes, Spotify, Google Play etc.",316000.0,174170000,174.0,WwdgZoIsil8,"GOJO SONG | ""Domain"" | Divide Music [Jujutsu Kaisen]",https://www.youtube.com/watch?v=WwdgZoIsil8,"2021-08-13",14,772,Friday,August,2021,1765800.0,21431.0,2287.3,27.8,0.012,4.05
UC3P-tn_Mk1V_KE8M2On8F2w,Divide Music,https://www.youtube.com/@DivideMusic,"2016-08-20","Official channel of artist Divide Music. All songs available to purchase/stream on iTunes, Spotify, Google Play etc.",316000.0,174170000,174.0,N3ExpzDitTQ,"NEZUKO SONG | ""Taking Over"" | Divide Music [Demon Slayer]",https://www.youtube.com/watch?v=N3ExpzDitTQ,"2021-08-27",14,758,Friday,August,2021,662809.0,14532.0,874.4,19.2,0.022,3.62
UC3P-tn_Mk1V_KE8M2On8F2w,Divide Music,https://www.youtube.com/@DivideMusic,"2016-08-20","Official channel of artist Divide Music. All songs available to purchase/stream on iTunes, Spotify, Google Play etc.",316000.0,174170000,174.0,bmd9M9LaaQA,"TOPH SONG | ""Move Mountains"" | Divide Music [Avatar]",https://www.youtube.com/watch?v=bmd9M9LaaQA,"2021-09-10",14,744,Friday,September,2021,1199560.0,22265.0,1612.3,29.9,0.019,3.58
UC3P-tn_Mk1V_KE8M2On8F2w,Divide Music,https://www.youtube.com/@DivideMusic,"2016-08-20","Official channel of artist Divide Music. All songs available to purchase/stream on iTunes, Spotify, Google Play etc.",316000.0,174170000,174.0,joCfEiZZp9k,"FRIEZA SONG | ""Bow Down"" | Divide Music Ft. FabvL [Dragon Ball Super]",https://www.youtube.com/watch?v=joCfEiZZp9k,"2021-10-08",28,716,Friday,October,2021,2801510.0,30269.0,3912.7,42.3,0.011,4.65
UC3P-tn_Mk1V_KE8M2On8F2w,Divide Music,https://www.youtube.com/@DivideMusic,"2016-08-20","Official channel of artist Divide Music. All songs available to purchase/stream on iTunes, Spotify, Google Play etc.",316000.0,174170000,174.0,Q6zW4Car3aQ,"OROCHIMARU SONG | ""The Poison"" | Divide Music [Naruto]",https://www.youtube.com/watch?v=Q6zW4Car3aQ,"2021-10-22",14,702,Friday,October,2021,1031180.0,15168.0,1468.9,21.6,0.015,4.38
UC3P-tn_Mk1V_KE8M2On8F2w,Divide Music,https://www.youtube.com/@DivideMusic,"2016-08-20","Official channel of artist Divide Music. All songs available to purchase/stream on iTunes, Spotify, Google Play etc.",316000.0,174170000,174.0,Yr9qCOQijms,Divide Music - always hated goodbyes,https://www.youtube.com/watch?v=Yr9qCOQijms,"2021-11-05",14,688,Friday,November,2021,670729.0,15174.0,974.9,22.1,0.023,3.88
UC3P-tn_Mk1V_KE8M2On8F2w,Divide Music,https://www.youtube.com/@DivideMusic,"2016-08-20","Official channel of artist Divide Music. All songs available to purchase/stream on iTunes, Spotify, Google Play etc.",316000.0,174170000,174.0,QNpRh_0Zt-A,"KILLUA SONG | ""OUTCAST"" | Divide Music Ft. Laur Lindmae [Hunter x Hunter]",https://www.youtube.com/watch?v=QNpRh_0Zt-A,"2021-11-19",14,674,Friday,November,2021,751246.0,13500.0,1114.6,20.0,0.018,4.3
UC3P-tn_Mk1V_KE8M2On8F2w,Divide Music,https://www.youtube.com/@DivideMusic,"2016-08-20","Official channel of artist Divide Music. All songs available to purchase/stream on iTunes, Spotify, Google Play etc.",316000.0,174170000,174.0,"9H8s8YKEYnM","Divide Music - ""No Way Home"" (Spider-Man: No Way Home Song)",https://www.youtube.com/watch?v=9H8s8YKEYnM,"2021-12-03",14,660,Friday,December,2021,1392420.0,21965.0,2109.7,33.3,0.016,4.12
UC3P-tn_Mk1V_KE8M2On8F2w,Divide Music,https://www.youtube.com/@DivideMusic,"2016-08-20","Official channel of artist Divide Music. All songs available to purchase/stream on iTunes, Spotify, Google Play etc.",316000.0,174170000,174.0,XKhgLwQnzlY,"Divide Music - ""Heart of The Night"" (The Witcher Season 2 Song)",https://www.youtube.com/watch?v=XKhgLwQnzlY,"2021-12-17",14,646,Friday,December,2021,789969.0,12553.0,1222.9,19.4,0.016,5.72
UC3P-tn_Mk1V_KE8M2On8F2w,Divide Music,https://www.youtube.com/@DivideMusic,"2016-08-20","Official channel of artist Divide Music. All songs available to purchase/stream on iTunes, Spotify, Google Play etc.",316000.0,174170000,174.0,zDe6BMpl4Ak,"JINX SONG | ""DOMINO"" | Divide Music [ARCANE]",https://www.youtube.com/watch?v=zDe6BMpl4Ak,"2022-01-07",21,625,Friday,January,2022,1096090.0,20508.0,1753.7,32.8,0.019,3.13
UC3P-tn_Mk1V_KE8M2On8F2w,Divide Music,https://www.youtube.com/@DivideMusic,"2016-08-20","Official channel of artist Divide Music. All songs available to purchase/stream on iTunes, Spotify, Google Play etc.",316000.0,174170000,174.0,"9Ajo2fLLF1c","AIZEN SONG | ""Darkest Hour"" | Divide Music Ft DizzyEight [Bleach]",https://www.youtube.com/watch?v=9Ajo2fLLF1c,"2022-01-21",14,611,Friday,January,2022,773416.0,13770.0,1265.8,22.5,0.018,3.5
UC3P-tn_Mk1V_KE8M2On8F2w,Divide Music,https://www.youtube.com/@DivideMusic,"2016-08-20","Official channel of artist Divide Music. All songs available to purchase/stream on iTunes, Spotify, Google Play etc.",316000.0,174170000,174.0,pJrVgIAf20U,"GUTS SONG | ""Pressure"" | Divide Music [Berserk]",https://www.youtube.com/watch?v=pJrVgIAf20U,"2022-02-04",14,597,Friday,February,2022,1714640.0,28696.0,2872.1,48.1,0.017,3.58
UC3P-tn_Mk1V_KE8M2On8F2w,Divide Music,https://www.youtube.com/@DivideMusic,"2016-08-20","Official channel of artist Divide Music. All songs available to purchase/stream on iTunes, Spotify, Google Play etc.",316000.0,174170000,174.0,U6W_AGPUdb8,"A SILENT VOICE SONG | ""you."" | Divide Music Ft. @GoldenEMP  [A Silent Voice]",https://www.youtube.com/watch?v=U6W_AGPUdb8,"2022-03-04",28,569,Friday,March,2022,356740.0,12128.0,627.0,21.3,0.034,3.73
UC3P-tn_Mk1V_KE8M2On8F2w,Divide Music,https://www.youtube.com/@DivideMusic,"2016-08-20","Official channel of artist Divide Music. All songs available to purchase/stream on iTunes, Spotify, Google Play etc.",316000.0,174170000,174.0,"8E2XPWOH08g","GOKU SONG | ""POWER"" | Divide Music [Dragon Ball Super]",https://www.youtube.com/watch?v=8E2XPWOH08g,"2022-03-18",14,555,Friday,March,2022,3232840.0,37539.0,5824.9,67.6,0.012,3.9
UC3P-tn_Mk1V_KE8M2On8F2w,Divide Music,https://www.youtube.com/@DivideMusic,"2016-08-20","Official channel of artist Divide Music. All songs available to purchase/stream on iTunes, Spotify, Google Play etc.",316000.0,174170000,174.0,ltFyiPtthro,"RED HOOD SONG | ""D.I.T.F"" | Divide Music [DC Comics]",https://www.youtube.com/watch?v=ltFyiPtthro,"2022-04-15",28,527,Friday,April,2022,861887.0,17332.0,1635.5,32.9,0.02,3.47
UC3P-tn_Mk1V_KE8M2On8F2w,Divide Music,https://www.youtube.com/@DivideMusic,"2016-08-20","Official channel of artist Divide Music. All songs available to purchase/stream on iTunes, Spotify, Google Play etc.",316000.0,174170000,174.0,x5m3l16cjGo,"ASTA SONG | ""The Other Side"" | Divide Music [Black Clover]",https://www.youtube.com/watch?v=x5m3l16cjGo,"2022-05-20",35,492,Friday,May,2022,1059980.0,17900.0,2154.4,36.4,0.017,3.55
UC3P-tn_Mk1V_KE8M2On8F2w,Divide Music,https://www.youtube.com/@DivideMusic,"2016-08-20","Official channel of artist Divide Music. All songs available to purchase/stream on iTunes, Spotify, Google Play etc.",316000.0,174170000,174.0,ud9-CeqebJc,"MADARA SONG | ""WAR"" | Divide Music Ft. Sinewave Fox [Naruto]",https://www.youtube.com/watch?v=ud9-CeqebJc,"2022-06-10",21,471,Friday,June,2022,1490280.0,22939.0,3164.1,48.7,0.015,3.48
UC3P-tn_Mk1V_KE8M2On8F2w,Divide Music,https://www.youtube.com/@DivideMusic,"2016-08-20","Official channel of artist Divide Music. All songs available to purchase/stream on iTunes, Spotify, Google Play etc.",316000.0,174170000,174.0,"3uMku45tcXo","TEEN GOHAN SONG | ""Never Alone"" | Divide Music [Dragon Ball]",https://www.youtube.com/watch?v=3uMku45tcXo,"2022-07-01",21,450,Friday,July,2022,1903870.0,24786.0,4230.8,55.1,0.013,3.62
UC3P-tn_Mk1V_KE8M2On8F2w,Divide Music,https://www.youtube.com/@DivideMusic,"2016-08-20","Official channel of artist Divide Music. All songs available to purchase/stream on iTunes, Spotify, Google Play etc.",316000.0,174170000,174.0,aKYPpT4ZPeA,"LELOUCH SONG | ""The Crown"" | Divide Music [Code Geass]",https://www.youtube.com/watch?v=aKYPpT4ZPeA,"2022-07-22",21,429,Friday,July,2022,653018.0,12908.0,1522.2,30.1,0.02,3.55
UC3P-tn_Mk1V_KE8M2On8F2w,Divide Music,https://www.youtube.com/@DivideMusic,"2016-08-20","Official channel of artist Divide Music. All songs available to purchase/stream on iTunes, Spotify, Google Play etc.",316000.0,174170000,174.0,zV9FRcSlWKw,"MINATO SONG | ""Flash"" | Divide Music [Naruto]",https://www.youtube.com/watch?v=zV9FRcSlWKw,"2022-08-12",21,408,Friday,August,2022,960963.0,15805.0,2355.3,38.7,0.016,4.08
UC3P-tn_Mk1V_KE8M2On8F2w,Divide Music,https://www.youtube.com/@DivideMusic,"2016-08-20","Official channel of artist Divide Music. All songs available to purchase/stream on iTunes, Spotify, Google Play etc.",316000.0,174170000,174.0,GTD83K-PKRc,Divide Music - you. (feat. Golden Emp),https://www.youtube.com/watch?v=GTD83K-PKRc,"2022-09-02",21,387,Friday,September,2022,225140.0,9278.0,581.8,24.0,0.041,3.65
UC3P-tn_Mk1V_KE8M2On8F2w,Divide Music,https://www.youtube.com/@DivideMusic,"2016-08-20","Official channel of artist Divide Music. All songs available to purchase/stream on iTunes, Spotify, Google Play etc.",316000.0,174170000,174.0,MRHykxpMwIg,"LUFFY SONG | ""The Grand Line"" | Divide Music [One Piece]",https://www.youtube.com/watch?v=MRHykxpMwIg,"2022-09-16",14,373,Friday,September,2022,812340.0,16004.0,2177.9,42.9,0.02,3.77
UC3P-tn_Mk1V_KE8M2On8F2w,Divide Music,https://www.youtube.com/@DivideMusic,"2016-08-20","Official channel of artist Divide Music. All songs available to purchase/stream on iTunes, Spotify, Google Play etc.",316000.0,174170000,174.0,"5865QRMcrow","CYBERPUNK EDGERUNNERS SONG | ""Never Enough"" | Divide Music",https://www.youtube.com/watch?v=5865QRMcrow,"2022-09-30",14,359,Friday,September,2022,1336060.0,24331.0,3721.6,67.8,0.018,3.85
UC3P-tn_Mk1V_KE8M2On8F2w,Divide Music,https://www.youtube.com/@DivideMusic,"2016-08-20","Official channel of artist Divide Music. All songs available to purchase/stream on iTunes, Spotify, Google Play etc.",316000.0,174170000,174.0,Z6w_JxZSiMU,"BROLY SONG | ""The One Who Knocks"" | Divide Music [Dragon Ball Super]",https://www.youtube.com/watch?v=Z6w_JxZSiMU,"2022-10-28",28,331,Friday,October,2022,1637060.0,21007.0,4945.8,63.5,0.013,3.73
UC3P-tn_Mk1V_KE8M2On8F2w,Divide Music,https://www.youtube.com/@DivideMusic,"2016-08-20","Official channel of artist Divide Music. All songs available to purchase/stream on iTunes, Spotify, Google Play etc.",316000.0,174170000,174.0,Y-KNSlTJaQA,"SHIGARAKI SONG | ""Mourn No More"" | Divide Music Ft. Sinewave Fox [My Hero Academia]",https://www.youtube.com/watch?v=Y-KNSlTJaQA,"2022-11-18",21,310,Friday,November,2022,782609.0,12218.0,2524.5,39.4,0.016,3.35
UC3P-tn_Mk1V_KE8M2On8F2w,Divide Music,https://www.youtube.com/@DivideMusic,"2016-08-20","Official channel of artist Divide Music. All songs available to purchase/stream on iTunes, Spotify, Google Play etc.",316000.0,174170000,174.0,PC_1xU1HXuk,Divide Music - To The End | Esports Anthem [Snapdragon Pro Series],https://www.youtube.com/watch?v=PC_1xU1HXuk,"2022-12-11",23,287,Sunday,December,2022,262591.0,8028.0,915.0,28.0,0.031,3.8
UC3P-tn_Mk1V_KE8M2On8F2w,Divide Music,https://www.youtube.com/@DivideMusic,"2016-08-20","Official channel of artist Divide Music. All songs available to purchase/stream on iTunes, Spotify, Google Play etc.",316000.0,174170000,174.0,IYKEtaJaqaw,"Anime Anthem | ""To The End"" | Divide Music [Naruto, My Hero Academia, Demon Slayer and more]",https://www.youtube.com/watch?v=IYKEtaJaqaw,"2022-12-23",12,275,Friday,December,2022,650343.0,15178.0,2364.9,55.2,0.023,4.18
UC3P-tn_Mk1V_KE8M2On8F2w,Divide Music,https://www.youtube.com/@DivideMusic,"2016-08-20","Official channel of artist Divide Music. All songs available to purchase/stream on iTunes, Spotify, Google Play etc.",316000.0,174170000,174.0,vzHOBVUeLHM,"God of War | ""Heart of Stone"" | Divide Music [Sindri Song]",https://www.youtube.com/watch?v=vzHOBVUeLHM,"2022-12-30",7,268,Friday,December,2022,196711.0,8318.0,734.0,31.0,0.042,2.82
UC3P-tn_Mk1V_KE8M2On8F2w,Divide Music,https://www.youtube.com/@DivideMusic,"2016-08-20","Official channel of artist Divide Music. All songs available to purchase/stream on iTunes, Spotify, Google Play etc.",316000.0,174170000,174.0,HZgXFRSzkf8,"FUTURE TRUNKS SONG | ""Beginning of the End"" | Divide Music [Dragon Ball Super]",https://www.youtube.com/watch?v=HZgXFRSzkf8,"2023-01-20",21,247,Friday,January,2023,822609.0,13985.0,3330.4,56.6,0.017,3.87
UC3P-tn_Mk1V_KE8M2On8F2w,Divide Music,https://www.youtube.com/@DivideMusic,"2016-08-20","Official channel of artist Divide Music. All songs available to purchase/stream on iTunes, Spotify, Google Play etc.",316000.0,174170000,174.0,_q0uX3Y5c3k,"NARUTO SONG | ""Fire Within"" | Divide Music [Naruto Shippuden]",https://www.youtube.com/watch?v=_q0uX3Y5c3k,"2023-02-03",14,233,Friday,February,2023,655617.0,13663.0,2813.8,58.6,0.021,3.6
UC3P-tn_Mk1V_KE8M2On8F2w,Divide Music,https://www.youtube.com/@DivideMusic,"2016-08-20","Official channel of artist Divide Music. All songs available to purchase/stream on iTunes, Spotify, Google Play etc.",316000.0,174170000,174.0,QZjLr46iMfw,"GOKU BLACK SONG | ""Divine Justice"" | Divide Music [Dragon Ball Super]",https://www.youtube.com/watch?v=QZjLr46iMfw,"2023-02-24",21,212,Friday,February,2023,883730.0,15717.0,4168.5,74.1,0.018,3.97
UC3P-tn_Mk1V_KE8M2On8F2w,Divide Music,https://www.youtube.com/@DivideMusic,"2016-08-20","Official channel of artist Divide Music. All songs available to purchase/stream on iTunes, Spotify, Google Play etc.",316000.0,174170000,174.0,fmk5WyIG4o8,"KAKASHI SONG | ""Light Out"" | Divide Music [Naruto Shippuden]",https://www.youtube.com/watch?v=fmk5WyIG4o8,"2023-03-17",21,191,Friday,March,2023,306495.0,9417.0,1604.7,49.3,0.031,3.75
UC3P-tn_Mk1V_KE8M2On8F2w,Divide Music,https://www.youtube.com/@DivideMusic,"2016-08-20","Official channel of artist Divide Music. All songs available to purchase/stream on iTunes, Spotify, Google Play etc.",316000.0,174170000,174.0,E3nRYd2uw38,"Obito Song | ""All That's Left"" | Divide Music [Naruto]",https://www.youtube.com/watch?v=E3nRYd2uw38,"2023-03-31",14,177,Friday,March,2023,709324.0,13974.0,4007.5,78.9,0.02,4.58
UC3P-tn_Mk1V_KE8M2On8F2w,Divide Music,https://www.youtube.com/@DivideMusic,"2016-08-20","Official channel of artist Divide Music. All songs available to purchase/stream on iTunes, Spotify, Google Play etc.",316000.0,174170000,174.0,tnWErAV1Mgs,"Vigilante Deku Song | ""Drag Me Under"" | Divide Music [My Hero Academia]",https://www.youtube.com/watch?v=tnWErAV1Mgs,"2023-04-21",21,156,Friday,April,2023,1881480.0,30411.0,12060.8,194.9,0.016,4.4
UC3P-tn_Mk1V_KE8M2On8F2w,Divide Music,https://www.youtube.com/@DivideMusic,"2016-08-20","Official channel of artist Divide Music. All songs available to purchase/stream on iTunes, Spotify, Google Play etc.",316000.0,174170000,174.0,"2d5jGRRTRdc","Trevor Belmont Song | ""Never Forget The Name"" | Divide Music [Castlevania]",https://www.youtube.com/watch?v=2d5jGRRTRdc,"2023-05-12",21,135,Friday,May,2023,787721.0,14270.0,5835.0,105.7,0.018,6.12
UC3P-tn_Mk1V_KE8M2On8F2w,Divide Music,https://www.youtube.com/@DivideMusic,"2016-08-20","Official channel of artist Divide Music. All songs available to purchase/stream on iTunes, Spotify, Google Play etc.",316000.0,174170000,174.0,KWdLqXnComI,"Thorfinn Song | ""Against My Tide"" | Divide Music Ft. Sinewave Fox [Vinland Saga]",https://www.youtube.com/watch?v=KWdLqXnComI,"2023-06-02",21,114,Friday,June,2023,389868.0,9426.0,3419.9,82.7,0.024,3.97
UC3P-tn_Mk1V_KE8M2On8F2w,Divide Music,https://www.youtube.com/@DivideMusic,"2016-08-20","Official channel of artist Divide Music. All songs available to purchase/stream on iTunes, Spotify, Google Play etc.",316000.0,174170000,174.0,QdHBaXkqPg4,"ALL MIGHT SONG | ""One For All"" | Divide Music | [My Hero Academia] 2023",https://www.youtube.com/watch?v=QdHBaXkqPg4,"2023-06-23",21,93,Friday,June,2023,789892.0,17552.0,8493.5,188.7,0.022,3.55
UC3P-tn_Mk1V_KE8M2On8F2w,Divide Music,https://www.youtube.com/@DivideMusic,"2016-08-20","Official channel of artist Divide Music. All songs available to purchase/stream on iTunes, Spotify, Google Play etc.",316000.0,174170000,174.0,trBwS_5JSPw,"CELL SONG | ""Perfection"" | Divide Music Ft. FabvL [Dragon Ball Z]",https://www.youtube.com/watch?v=trBwS_5JSPw,"2023-07-14",21,72,Friday,July,2023,478648.0,12712.0,6647.9,176.6,0.027,4.1
UC3P-tn_Mk1V_KE8M2On8F2w,Divide Music,https://www.youtube.com/@DivideMusic,"2016-08-20","Official channel of artist Divide Music. All songs available to purchase/stream on iTunes, Spotify, Google Play etc.",316000.0,174170000,174.0,iAaShjSn-Jg,"Batman Song | ""Reclaim"" | Divide Music [DC Comics]",https://www.youtube.com/watch?v=iAaShjSn-Jg,"2023-08-04",21,51,Friday,August,2023,386780.0,11937.0,7583.9,234.1,0.031,3.6
UC3P-tn_Mk1V_KE8M2On8F2w,Divide Music,https://www.youtube.com/@DivideMusic,"2016-08-20","Official channel of artist Divide Music. All songs available to purchase/stream on iTunes, Spotify, Google Play etc.",316000.0,174170000,174.0,E-hx9egmam0,"Asta Song | ""Never Giving Up"" | Divide Music Ft. Cam Steady [Black Clover: Sword of the Wizard King]",https://www.youtube.com/watch?v=E-hx9egmam0,"2023-09-01",28,23,Friday,September,2023,202821.0,9804.0,8818.3,426.3,0.048,3.4
